month-day,2004,2005,2006,2007,2008,2009,2010,2011,2012,2013,2014,2015,2016,2017,2018,2019,2020,2021,2022,2023,2024
01-01,4.66,3.41,3.67,2.04,1.49,2.74,5.16,1.52,1.64,2.71,1.77,3.53,2.02,1.39,3.49,3,1.36,4.36,1.24,1.64,2.07
01-02,4.45,3.03,2.59,2.28,2.63,2.44,2.7,1.54,2.3,2.52,2.27,2.8,2.92,2.16,3.12,3.8,1.37,3.69,1.31,2.89,1.35
01-03,4.7,3.3,4.57,3.8,4.69,2.1,2.24,1.37,3.91,2.65,1.78,1.67,2.99,2.51,2.28,2.64,1.56,3.23,1.48,1.62,2.46
01-04,2.43,1.19,3.56,1.64,2.71,2.2,3.02,1.65,3.39,1.79,3.03,2.61,3.72,2.35,2.47,2.28,1.66,2.87,2.9,1.32,2.17
01-05,2.33,1.53,2.45,2.04,1.04,2.65,4.05,2.42,3.86,2.51,3.52,2.02,3.67,4.54,2.34,2.77,1.62,2.88,3.57,0.86,3.01
01-06,1.66,1.43,2.58,0.7,1.34,3.22,3.57,2.05,6.51,2.07,2.14,2.26,3.95,3.4,4.81,4.44,0.94,2.61,2.55,1.13,5.81
01-07,1.64,1.26,2.73,1.71,1.04,2.98,4.19,3.14,4.9,2.13,1.4,1.17,3.52,2.44,4.66,2.68,1.41,4.24,5.15,1.4,4.93
01-08,2.05,1.79,1.64,1.74,1.58,1.3,4.29,3.13,3.08,1.43,1.47,1.04,2.11,2.97,3.82,2.38,2.28,4.9,5.07,2.61,3.51
01-09,3.05,1.16,2.28,1,1.18,1.17,5.43,2.79,2.79,1.51,2.29,1.15,2.65,3.16,1.52,3.52,1.24,4.19,4.13,4.28,1.49
01-10,3.72,1.68,1.27,1.51,1.22,1.3,3.57,1.51,0.98,2.59,2.69,1.8,2.36,2.78,2.34,2.7,1.46,1.68,5.66,3.12,2.88
01-11,2.09,1.22,1.78,1.32,2.22,2.39,4.11,2.23,1.36,2.12,2.03,2.34,3.04,2.6,3.72,2.63,2.12,2.01,4.44,1.86,2.79
01-12,1.8,0.87,1.58,2.35,2.85,3.97,2.69,5.21,1.37,1.34,0.92,1.93,2.27,1.21,5.27,3.77,2.24,4.15,3.53,2.36,3.48
01-13,2.35,1.44,1.25,1.4,1.88,5.05,5.16,2.94,2.06,3.21,1.32,3.13,1.69,3.53,1.79,3.24,2.06,2.9,3.26,1.84,1.2
01-14,2.01,1.96,1.44,1.2,2.72,2.14,3.84,1.61,2.05,1.82,2.51,1.7,2.84,2.19,2.39,4.17,1.65,2.31,1.31,1.97,3.15
01-15,2.12,1.27,1.28,1.33,2.18,1.12,6.88,1.35,1.99,3.63,2.16,2.18,2.48,4.16,1.29,2.42,1.83,2.67,1.3,2.83,4.13
01-16,2.57,1.56,1.99,1.94,3.54,2.06,3.24,1.5,1.42,4.74,3.48,3.25,6.33,4.55,1.99,2.4,0.97,3.55,1.36,3.34,2.76
01-17,2.15,1.13,2.21,1.28,4.16,2.17,1.92,1.22,2,4.7,4.74,1.31,6.02,4.28,2.93,1.77,1.79,2.61,1.47,4.96,3.39
01-18,3.06,2.38,1.14,1.16,3.32,1.39,1.47,0.89,2.54,4.62,4.38,1.76,2.27,2.68,1.26,1.73,1.36,2.2,1.3,4.7,3.05
01-19,2.95,7.64,2.17,1.99,2.82,2.94,1.17,1.07,1.25,5.62,5.83,3.39,2.91,1.78,2.11,1.45,3.76,2.14,1.42,4.11,2.28
01-20,2.71,6.57,2.08,1.5,1.81,2.63,2.96,1.46,1.63,4.42,5.15,2.18,2.05,3.85,3.82,3,4.06,5.14,1.27,4.64,2.86
01-21,5.75,4.19,2.26,1.43,1.7,4.43,2.78,2.73,2.52,4.01,3.38,2.59,1.56,4.55,3.99,3.52,6.82,3.47,1.34,2.75,2.77
01-22,4.62,1.87,4.08,3.03,2.78,5.77,1.57,3.23,1.23,3.22,3.01,2.84,1.33,4.35,2.86,2.12,6.46,4.78,1.83,3.13,1.58
01-23,3.08,1.46,4.03,3.91,5.75,5.32,1.49,1.42,2.13,5.65,2.36,4.8,1.34,2.28,2.33,4.36,2.97,3.61,1.56,1.48,2.04
01-24,3.71,2.5,3.94,3.19,2.15,6.68,2.31,0.84,4.7,5.81,3.72,5.34,1.41,2.24,1.41,7.16,2.17,4.46,1.24,3.04,2.01
01-25,1.91,4.28,0.95,2.11,1.23,4.98,1.84,1.56,2.73,4.88,5.19,4.43,2.02,2.35,3.35,6.85,2.24,3.04,1.28,1.98,2.17
01-26,2.61,3.65,3.21,1.33,1.09,4.07,3.16,2.51,1.61,2.9,4.77,4.08,1.56,3.21,2.91,5.02,2.64,4.26,1.12,3.55,1.78
01-27,2.79,2.49,3.88,1.9,1.18,4.83,4.04,2.77,1.51,2.95,3.19,3.73,1.18,4.49,1.39,3.39,1.2,2.62,0.97,1.63,1.15
01-28,3.67,2.74,5.4,1.25,1.54,4.15,1.97,2.81,1.22,6.33,3.91,4.63,1.02,3.72,1.64,4.23,2.21,2.33,1.77,1.96,1.17
01-29,2.51,3.76,2.36,2.09,1.57,3.61,2.54,2.43,2.2,4.45,3.8,3.06,1.37,2.59,1.33,3.96,1.94,2.65,1.73,1.43,1.89
01-30,1.23,2.4,1.39,1.44,1.6,1.39,4.4,1.77,4.45,2.11,2.73,5.43,1.82,1.01,1.32,3.24,1.51,3.2,1.93,1.64,1.27
01-31,2.07,2.51,2.21,0.63,1.64,3.53,2.95,2.25,3.1,1.91,3.6,6.36,1.43,3.29,2.16,3.83,1.52,4.17,2.99,2.11,1.57
02-01,1.3,2.93,2.44,2.19,1.86,3.81,3.54,3.62,2.65,2.54,1.44,4.9,1.84,2.99,4.24,5.39,1.89,4.97,6.56,1.64,1.69
02-02,1.27,4.1,1.05,0.98,1.78,5.09,1.18,5.38,4.37,5.04,3.8,3.61,1.51,2.21,5.13,3.15,1.91,2.65,5.33,1.4,3.39
02-03,1.45,1.92,2.59,2.21,1.84,3.39,2.99,5.06,4.33,4.98,2.57,4.51,2.72,1.52,2.7,4.32,1.57,2.77,2.13,1.12,1.68
02-04,1.35,2.04,2.06,1.94,3.36,3.81,4.9,3.59,2.31,4.54,2.33,5.04,4.27,2.57,2.02,7.05,2.9,3.94,3.09,1.87,1.31
02-05,1.09,1.05,3.19,2.12,1.56,4.67,3.12,2.74,3.8,2.28,3.55,4.02,1.29,4.81,2.91,5.7,4.95,4.02,1.52,2.23,1.95
02-06,1.18,2.44,3.81,3.64,1.42,5.36,3.22,1.05,4.9,4.04,1.96,3.51,3.87,7.57,2.45,3.93,2.46,5.77,1.54,1.79,2.57
02-07,1.54,2.33,2.82,2.01,2.38,4.01,3.32,1.33,4.85,5.65,3.02,1.97,5.17,4.88,3.33,1.97,2.81,3.12,2.02,1.93,2.62
02-08,1.37,4.26,2.09,2.48,2.06,5.11,1.81,1.22,2.71,2.86,2.93,2.45,2.79,4.56,1.64,1.72,1.36,4.23,2.11,2.11,3.15
02-09,1.47,3.02,2.14,6.64,1.62,4,4.57,1.39,1.73,2.74,3.49,3.36,3.88,5.83,1.37,1.51,1,3.83,1.63,2.27,6.53
02-10,1.27,3.27,1.79,6.15,1.6,3.01,4.82,1.22,2.04,2.98,5.06,1.16,3.79,1.99,2.73,2.71,2.14,4.84,1.99,3.15,5.71
02-11,2.09,1.82,1.54,3.36,1.63,4.41,3.58,1.36,1.46,5.12,4.23,1.92,2.71,3.64,2.8,3.15,2.15,1.84,1.73,1.39,3.91
02-12,2.96,1.96,1.93,2.54,1.1,4.15,3.01,1.69,1.83,3.75,3.1,1.06,3.63,4.78,2.97,3.78,1.19,2.19,1.52,1.7,3.77
02-13,1.25,2.97,2.51,1.94,1.16,5.08,3.06,1.06,2.55,3.89,2.5,1.29,3.62,4.63,3.42,1.27,1.63,4.16,1.26,1.48,3.04
02-14,2.71,7.07,1.47,2.11,3.36,3.25,2.21,2.46,3.4,4.34,2.51,2.23,4.52,2.09,3.52,1.23,1.65,3.18,1.92,1.43,1.52
02-15,2.61,4.05,2.04,3.17,2.49,2.26,4.32,3.39,2.72,2.24,3.79,1.82,3.9,2.91,1.99,1.79,1.75,1.78,2.62,1.46,2.85
02-16,2.25,3.26,3.1,1.25,3.22,1.95,3.56,3.69,2.66,1.65,3.49,2.92,2.59,1.16,1.38,1.6,1.65,2.81,3.03,1.41,1.94
02-17,2.59,3.87,2.18,1.98,1.83,2.16,4.43,3.21,0.98,1.82,3.52,3.23,2.57,1.3,1.52,1.8,1.61,1.87,2.94,1.66,1.8
02-18,2.37,2.48,1.72,1.8,2.79,3.98,4.76,5.55,1.97,1.79,4.76,2.68,2.72,1.48,2.38,1.65,2.06,2.12,1.47,1.36,1.82
02-19,4.43,2.03,2.46,2.14,4.03,2.54,6.19,2.17,2.16,1.55,2.89,2.46,2.16,1.39,1.16,1.25,2.08,2.3,2.69,1.56,2.3
02-20,5.85,2.87,2.97,1.99,3.41,1.81,3.68,2.66,1.47,2.33,3.2,3.15,1.79,1.32,2.91,1.53,1.27,2.72,2.21,1.42,4.74
02-21,6.15,3.02,3.73,1.44,1.69,2.28,4.62,3.09,2.38,3.59,2.11,2.13,1.75,1.26,1.86,1.24,1.53,4.41,2.44,2.01,3.11
02-22,2.17,2.98,2.4,2.85,1.21,3.11,3.62,4.64,5.54,4.56,2.17,5,2.92,1.89,3.11,1.96,1.77,4.82,6.06,1.72,3.19
02-23,2.65,3.44,4.71,2.71,1.36,3.48,3.04,5.57,3.74,4.67,1.09,4.5,2.89,2.68,2.05,5,1.57,3.11,3.1,2.14,4.13
02-24,3.16,2.31,3.08,2.6,1.77,4.35,4.17,4.72,1.58,2.71,2.64,6.24,1.96,4.06,1.67,3.66,1.72,1.8,2.88,4.48,2.64
02-25,3.49,1.11,3.16,2.02,2.34,2.98,3.01,3.17,1.55,2.44,1.83,6.66,3.64,2.82,2.53,2.72,2.12,1.47,2.05,3.88,3.84
02-26,2.27,3.1,4.22,4,1.32,0.91,2.85,4.48,2.95,1.99,1.21,5.29,2.35,3.44,2.07,3.49,2.73,1.49,1.75,3.14,3.5
02-27,4.4,2.08,3.91,4.44,1.59,2.08,3.96,2.26,3.22,1.88,1.7,2.82,5.2,1.87,1.96,1.36,2.08,1.37,1.24,3.14,2.66
02-28,4.29,1.39,2.53,2.08,1.24,3.06,2.81,2.3,2.02,4.49,2.31,3.48,3,2.39,5.55,1.48,1.99,1.26,2.68,3.88,3.7
02-29,2.67,0,0,0,1.33,0,0,0,1.67,0,0,0,3.15,0,0,0,3.9,0,0,0,5.59
03-01,2.52,2.39,3.41,1.89,1.24,2.57,2.5,2.65,1.43,1.93,4.02,2.18,4.39,1.61,5.41,1.92,2.7,1.9,2.19,3.34,4.19
03-02,2.48,1.61,3.07,2.17,1.55,1.51,2.63,3.16,1.39,4.61,4.13,1.65,2.95,2.18,3.09,2.43,4.83,2.05,1.74,2.94,3.44
03-03,4.78,4.09,2.43,1.85,1.36,3,4.74,1.68,1.72,2.17,4.67,1.55,2.61,3.86,2.97,1.68,5.22,1.93,2.72,3.28,4.72
03-04,4.12,4.47,3.02,1.78,2.45,4.07,3.77,1.63,2.18,3.95,6.67,3.4,1.86,2.21,4.28,1.17,5.51,1.28,1.86,2.97,3.98
03-05,2.52,2.99,6.49,1.99,4.79,5.71,2.21,1.69,2.68,8,4.47,6.47,3.86,2.56,5.08,2.13,2.65,1.25,3.43,2.23,2.75
03-06,2.54,2.97,5.65,1.44,5.27,6.58,1.99,2.29,1.64,3.86,4.13,5.56,3.09,2.54,4.33,4.35,3.73,1.34,1.42,4.44,1.99
03-07,2.44,2.77,6.08,2.13,3.66,5.97,3.53,1.5,2.42,3.19,2.96,4.92,2.24,5.3,3.96,2.41,5.37,1.46,1.2,2.55,3.72
03-08,2.68,4.55,3.22,3.97,2.75,3.36,2.69,1.89,2.62,3.39,2.91,3.06,2.23,6.24,3.1,2.42,3.6,1.06,1.46,1.98,3.38
03-09,1.81,2.28,2.56,7.75,1.15,1.74,3.98,1.72,3.82,2.18,1.59,2.14,3.01,4.3,2.28,2.47,3.65,2.1,1.51,2.69,3.35
03-10,2.84,1.95,3.45,5,2.83,1.5,2.82,1.43,6.68,2.15,1.43,1.68,4.07,3.52,4.24,1.36,5.64,3.31,2.71,3.95,2.57
03-11,2.69,2.22,5.85,3.42,3.14,2.18,2.07,2.36,4.96,3.02,1.87,2.05,5.3,1.55,3.01,3.37,2.32,1.19,3.56,3.41,3.32
03-12,3.16,2.08,6.18,3.79,1.82,1.99,2.24,6.24,3.51,4.21,1.91,2.48,4.46,2.31,3.21,3.07,1.29,2.11,3.58,2.79,2.08
03-13,3.42,2.1,5,2.2,1.51,2.39,3.15,2.38,1.73,5.36,4.1,2.05,3.78,1.53,2.1,3.37,2.03,1.68,2.13,2.8,1.63
03-14,2.52,1.85,1.86,0.93,1.83,1.79,2.78,3.53,1.59,6.18,2.83,2.18,1.42,2.11,2.03,3.6,1.64,2.81,4.78,4.11,2.02
03-15,3.6,1.91,1.99,1.07,2.15,2.12,2.14,6.63,1.6,4.99,3.49,1.72,2.12,3.22,3.73,2.54,1.07,2.6,5.67,2.53,2.05
03-16,2.8,1.96,2.34,1,1.84,2.56,1.99,2.79,2.68,3.31,3.13,1.52,2.39,2.78,2.53,1.89,3.08,3.91,5.68,1.47,2.24
03-17,1.41,1.73,1.72,2.17,1.91,2.52,1.5,3.16,3.18,5.19,1.41,1.6,1.68,1.27,3.68,2.05,3.4,2.49,3.47,2.69,1.54
03-18,1.35,1.21,4.18,1.7,2.59,2.17,3.01,2.88,2.76,3.35,1.54,1.83,1.77,1.5,4.52,2.96,1.52,1.94,1.55,2.29,2.66
03-19,1.57,1.13,1.86,3.52,1.62,2.81,2.89,4.09,2.15,2.5,1.28,3.47,3.83,0.98,3.33,2.81,1.27,1.58,1.72,2.74,1.6
03-20,1.45,1.86,2.42,5.53,2.51,4.11,2.13,4.05,3.12,3.27,1.47,5.57,4.96,1.99,4.84,3.07,2.13,2.05,3.51,3.6,1.66
03-21,2.19,1.61,3.14,3.4,2.04,3.48,2.48,2.13,3.85,2.6,1.59,3.33,1.47,2.96,3.93,3.83,3.09,4.75,2.08,2.73,2.08
03-22,2.22,1.96,3.82,5.83,2.3,2.5,2.57,1.05,2.69,3.86,1.79,3.01,4.43,1.62,5.43,2.24,2.59,4.04,2.06,1.87,2.03
03-23,4.81,3.69,2.86,3.56,5.63,1.74,1.33,1.66,1.29,3.1,3.23,3.13,4.66,4.03,4.02,2.51,1.38,2.94,2.61,1.85,1.78
03-24,2.59,1.37,3.08,3.2,5.3,2.49,3.21,1.58,3.16,3.52,2.27,2.97,3.5,4.61,3.7,1.08,3.28,1.76,2.5,2.59,3.09
03-25,2.01,3.04,2.5,2.09,2.69,2.32,2.78,1.92,2.25,4.68,4.12,2.84,2.99,1.72,5.62,1.86,4.11,1.7,4.75,1.99,4.04
03-26,2.15,3.83,1.12,1.81,2.17,2.34,2.45,2.47,2.11,3.1,4.4,4.36,2.6,1.69,3.46,2.63,3.07,2.6,3.46,2.89,3.2
03-27,1.48,2.31,3.01,1.78,6.15,3.15,2.14,2.29,1.9,2.46,4.11,5.83,1.76,2.16,3.32,2.81,2.83,3.85,2.07,3.15,4.33
03-28,3.32,1.8,3.3,1.94,5.22,5.34,1.71,2.44,1.37,2.14,2.05,6.75,1.95,2.91,2.23,2.48,1.37,1.26,1.56,1.91,5.03
03-29,3.1,2.04,2.38,1.95,1.49,5.3,3.59,1.95,1.78,2.18,5.74,3.74,2.05,3.04,4.1,1.01,2.64,1.03,5.11,2.07,4.78
03-30,1.38,2.81,1.39,3.28,2.67,2.6,3.06,2.47,1.86,3.38,2.36,2.8,3.86,1.9,3.74,1.79,1.53,1.22,2.99,2.56,2.77
03-31,1.83,2.82,1.99,3.04,4.45,1.66,1.63,3.42,1.57,2.61,2.13,1.78,4.7,2.99,3.9,2.18,3.3,1.78,3.98,2.33,4.65
04-01,1.53,1.26,2.54,3.78,6.48,1.82,1.92,2.1,1.37,3.75,3.1,2.42,1.59,4.11,1.81,1.75,2.77,2.48,3.74,2.74,2.55
04-02,2.14,2.91,2.35,2.11,3.67,2.12,1.39,2.05,1.85,3.56,4.52,2.54,2.92,3.21,3.07,1.29,2.4,2.5,3.41,5.33,1
04-03,2.64,1.61,1.45,2.86,3.56,1.67,3.05,1.8,1.39,3.39,4.56,1.88,1.84,3.97,2.29,4.29,2.93,1.96,1.14,5.52,2.75
04-04,2.71,2.08,1.91,3.12,4.12,2.2,4.14,1.89,2.36,4.36,5.31,2.63,2.7,2.91,2.11,3.58,2.49,2.28,1.34,2.1,1.74
04-05,1.78,3.66,3.01,1.64,2.08,1.85,2.23,1.77,1.31,2.48,4.01,1.92,3.48,1.42,2.08,2,1.75,2.42,2.67,2.47,1.82
04-06,2.2,1.27,2.46,1.8,3.42,2.27,2.42,1.89,2.24,3.92,3.58,2.28,3.39,2.7,2.03,2.03,1.98,2.03,3.79,1.92,1.74
04-07,2.11,4.56,1.93,1.45,4.07,4.59,2.34,1.63,2.48,4.12,2.02,2.89,5.68,2.03,4.4,3.87,1.58,2.75,3.12,1.82,1.89
04-08,2.56,4.64,2.35,1.36,2.16,1.86,3.41,1.7,3.27,2.65,1.92,1.67,2.29,2.91,2.22,2.63,1.91,1.6,2.41,1.73,1.87
04-09,3.11,3.07,5.06,2.22,2.48,1.81,3.63,2.03,2.15,2.11,1.96,1.42,3.59,2.78,1.89,2.77,1.86,2.46,2.98,2.19,3.2
04-10,3.32,5.39,3.47,2.62,3.1,1.75,2.16,2.51,2.65,1.75,1.96,2.52,2.63,2.07,1.66,2.77,0.73,2.83,1.65,2.71,3.11
04-11,2.03,6.14,2.67,1.64,2.88,2.24,3.21,1.95,2.44,1.66,1.9,1.89,5.17,1.86,3.32,2.42,1.91,1.03,3.57,1.74,2.25
04-12,2.87,4.71,1.9,3.25,2.98,4.69,2.6,2.03,3.62,2.13,1.69,1.98,4.65,1.36,1.93,2.78,1.65,3.13,3.05,3.31,4.27
04-13,2.47,1.96,2.85,2.65,2.08,4.58,2.35,2.31,4.74,1.46,2.75,1.74,2.56,2.14,2.85,2.47,3.25,2.1,2.41,3.51,3.97
04-14,2.86,3.12,1.68,2.96,1.92,1.76,2.52,3.03,4.66,2.83,1.79,1.93,1.42,2.38,2.56,2.17,2.42,1.55,2.28,2.59,3.8
04-15,4.07,1.77,2.96,1.99,1.59,2.92,2.13,2.51,3.48,1.7,3.05,1.71,2.48,1.75,4.29,2.08,3.06,1.79,3.95,3.25,2.3
04-16,5.17,3.3,1.98,2.03,2.79,2.03,1.34,3.44,3.37,1.86,2.73,3.37,2.64,2.97,2.13,3.1,1.28,3.67,3.21,4.39,3.74
04-17,3.48,2.99,2.54,1.21,2.94,2.4,2.16,1.77,4.2,1.58,2.28,1.97,2.42,1.51,2.26,1.69,2.47,3.17,3.83,2.48,2.56
04-18,2.37,2.22,4.27,3.1,3.89,1.97,2,2.27,3.26,1.82,2.33,2.63,2.19,2,1.8,2.88,2.17,2.66,2.16,1.99,2.28
04-19,3.31,1.96,1.37,3.66,1.73,1.41,1.89,2.35,3.13,2.03,2.64,2.46,2.26,2.26,1.25,4.64,2.24,1.73,3.31,1.86,3.18
04-20,3.14,1.92,1.95,2.69,4.28,3.93,1.54,1.4,3.32,2.42,2.63,2.15,2.82,3.03,1.13,5.41,4.87,1.97,3.97,2.42,2
04-21,1.8,2.14,1.68,2.18,2.51,3.8,2.55,5.42,2.01,2.39,1.13,1.52,2.18,2.76,1.91,3.13,4.32,2.38,4.08,2.87,2.33
04-22,2.46,1.84,1.64,2.48,2.71,4.79,3.74,3.13,2.58,2.93,3.07,1.82,1.51,1.21,2.16,3.95,3.09,1.33,3.08,1.7,2.19
04-23,3.33,3.54,3.78,2.78,1.75,3.32,3.38,1.42,1.88,3.36,3.27,2.1,2.39,1.6,1.79,3.14,2.38,2.46,4.55,2.71,2.35
04-24,4.56,4.68,4.02,2.53,2.07,2.93,2.75,3.27,2.36,5.43,1.62,2.1,2.74,1.37,1.81,2.35,2.29,1.92,1.84,2.49,2.94
04-25,3.88,1.89,2.3,2.9,2.32,5.98,2.32,2.62,3.19,4.54,4.59,2.33,3.07,1.53,3.23,1.31,2.95,3.05,1.42,2.03,3.29
04-26,3.1,2.16,2.84,1.62,1.84,3.91,2.05,4.47,3.17,3.54,3.66,1.72,2.78,3.21,3.26,2.6,1.51,4.02,1.62,1.88,3.07
04-27,1.63,1.19,3.89,1.07,1.91,4.02,1.79,3.39,2.58,2.28,3.45,3.17,2.04,3.86,4.09,2.28,1.86,1.82,1.72,2.38,2.78
04-28,4.11,1.31,2.2,1.66,2.36,2.27,1.59,2.08,4.62,4.32,2.24,2.77,2.45,4.13,2.18,1.94,2.06,1.54,2.57,2.19,2.01
04-29,2.26,1.4,2.36,2.5,2.57,2.07,2,5.1,3.25,5.1,2.22,2.26,2.29,2.04,2.46,2.31,1.99,1.96,2.29,2.49,1.52
04-30,1.68,1.67,1.72,1.77,2.71,1.74,2.4,3.97,3.21,2.13,2.23,1.72,3.46,2.02,1.87,1.63,1.99,4.41,2.64,4.06,2.55
05-01,1.84,1.92,2.92,2.25,1.65,1.63,3.3,2.03,2.16,2.17,2.17,2.45,4.1,2.85,3.25,1.89,2.1,3.62,2.41,2.84,2.64
05-02,4.24,2.38,2.48,3.12,1.59,2.86,1.54,6.5,2.01,2.45,3.18,2.51,4.23,1.7,6.53,1.94,2.11,1.67,2.21,3.45,2.95
05-03,4.17,2.24,4.28,2.49,1.99,1.86,3.17,3.76,1.07,3.15,3.57,3.01,2.79,2.15,4.54,2.44,2.03,1.47,2.55,2.53,2.28
05-04,3.47,1.84,2.24,2.25,2.21,2.04,2.19,2.15,1.47,3.61,3.05,3.67,2.27,2.77,2.74,4.18,2.39,2.56,5.12,2.29,2.6
05-05,3.4,2.97,2.21,2.32,1.56,2.72,2.71,1.57,2.78,2.94,1.85,2.93,2.28,3.77,2.28,3.13,3.65,1.97,5.21,2.16,2.26
05-06,4,4.12,2.37,2.08,1.98,2.24,2.27,2.38,3.12,2.17,2.15,3.03,1.86,3.11,1.45,2.44,3.02,1.05,5.56,2.42,2.89
05-07,3,1.66,1,3.97,1.25,1.36,1.22,2.17,2.21,1.95,2.95,1.86,2.12,2.68,1.66,2.09,2.2,1.81,4.43,2.4,2.3
05-08,2.72,2.5,2.16,4.05,2.47,2.34,1.8,2.14,1.43,2.16,1.95,3.76,2.82,2.21,1.97,3.2,2.81,0.87,3.16,4.92,4.28
05-09,2.17,1.4,2.43,2.67,3.13,2.94,3.92,2.34,1.64,1.75,1.88,2.84,5.13,1.8,1.67,2.4,1.24,3.06,2.53,4.25,4.07
05-10,1.85,1.99,1.83,2,2.44,1.65,2.71,2.39,1.88,2.2,1.61,1.94,3.75,1.8,1.62,1.73,2.79,2.49,1.99,2.65,1.41
05-11,4.4,2.38,2.11,2.26,1.65,1.61,1.93,1.29,2.05,2.12,2.38,2.06,3.51,2.81,1.49,2.51,2.02,3.28,1.76,1.52,2.09
05-12,4.91,1.93,1.54,1.43,2.23,1.87,2.72,1.96,1.77,2.25,1.96,2.23,2.55,2.87,1.95,4.26,4.23,1.75,1.48,1.56,3.06
05-13,2.96,1.26,1.71,2.23,3.32,2.21,1.78,1.69,1.98,2.27,4.55,2.07,2.41,2.13,3.59,4.87,2.47,2.18,2.44,2.76,3.2
05-14,1.47,2.6,1.92,3.12,2.11,2.19,3.15,2.13,2.18,3.24,3.63,1.92,2.19,2.06,1.85,3.62,4.43,3.83,1.88,3.54,2.87
05-15,1.05,1.3,1.92,2.05,2.59,5.33,4.97,3.15,2.2,3.39,3.34,4.88,2.29,2.25,2.5,2.6,2.65,1.96,2.35,4.8,1.75
05-16,1.25,2.43,2.04,1.89,3.49,4.32,2.72,2.78,2.46,2.41,2.37,4.38,1.77,1.8,1.46,1.91,3.56,3.05,1.74,3.11,2.08
05-17,2.14,2.49,2.02,2.69,3.06,1.14,2.18,1.7,1.51,2.8,2.34,5.86,2.16,1.51,1.81,4.49,3.65,2.25,2.39,1.23,2.3
05-18,2.31,2.97,1.5,3.2,2.48,1.9,1.89,1.86,3.48,3.9,1.92,2.86,2.04,3.54,2.4,2.37,3.12,1.71,1.95,2.48,2.69
05-19,1.46,1.93,2.31,1.31,3.22,1.85,2.62,2.92,2.55,1.98,1.86,3.45,2.52,2.58,2.3,1.82,2.92,2.58,2.15,3.59,2.09
05-20,1.5,1.77,1.64,2.23,3.24,1.72,3.77,2.57,2.17,2.31,2.19,2.33,3.7,2.61,1.85,1.69,2.84,2.53,2.18,5.79,2.78
05-21,2.46,1.96,3.11,1.65,1.98,1.63,2.15,3.84,3.93,1.53,4.39,3.61,1.1,2.15,2.06,2.21,3.06,2.8,2.19,3.22,1.89
05-22,1.65,2.59,3.26,1.54,2.09,2.17,1.82,4.36,3.64,5.97,2.58,2.74,3.43,2.55,1.68,1.51,2.33,3.87,1.7,1.4,2.51
05-23,2.05,2.36,2.41,1.47,2.12,2.53,1.55,3.34,2.69,3.35,2.56,1.66,2.59,1.42,1.55,1.58,1.45,2.49,1.83,2.93,2.01
05-24,3.41,2.11,3.98,2.13,2.96,2.91,2.75,2.99,2.27,3.09,2.4,2.25,2,1.84,1.55,2.04,2.31,3.49,2.46,2.12,2.23
05-25,3.06,1.95,3.03,2.83,5.15,2.6,1.43,2.1,1.82,2.8,2.16,3.67,4.11,2.53,1.7,2.87,1.69,2.17,2.69,2.47,2.97
05-26,1.83,1.99,1.65,1.98,4.21,2.42,4.12,2.05,2.36,1.71,2.26,3.31,4.17,2.52,2.96,5.15,2.05,2.07,3.72,1.8,1.75
05-27,1.85,1.72,1.47,2.68,3.01,3.73,4.33,1.81,1.89,3.36,2.35,3.09,3,2.54,3.21,4.14,2.13,2.16,4.63,2.01,1.73
05-28,2.72,1.73,1.01,3.77,3.62,2.25,0.93,2,2.78,2.89,1.56,1.95,2.15,2.08,3.52,2.08,1.85,2.18,4.93,1.18,2.87
05-29,2.01,1.55,2.4,3.2,2.35,1.93,3.76,1.91,1.77,2.85,2.55,2.6,2.91,2.59,3.12,2.69,2.07,2.28,2.77,1.33,2.19
05-30,2.03,1.91,2.25,2.06,2.09,2.24,4.36,1.77,1.97,2.79,2.26,2.21,1.81,2,1.68,2.52,2.27,1.86,1.8,1.9,1.82
05-31,1.45,1.76,2.71,2.07,3.16,3.91,2.73,2.35,1.94,2.85,2.36,1.47,2.09,1.12,2.38,1.78,1.93,2.67,2.15,1.07,2.8
06-01,2,2.51,3.91,2.36,3.06,2.91,2.27,3.53,2.03,3.44,3.61,1.93,2.27,0.95,1.29,1.77,2.19,2.26,2.59,1.46,1.78
06-02,2.17,2.84,2.92,3.3,3.12,2.55,2.31,2.49,1.96,2.06,5.79,2.32,2.38,1.68,0.98,2.03,2.15,2,3.24,2.05,2.17
06-03,2.96,2.91,3.32,3.65,2.36,1.91,1.81,1.28,2.8,2.72,3.52,1.83,2.73,2.07,2.45,2.26,2.01,1.9,4.32,1.93,2.07
06-04,2.9,1.63,2.33,2.96,1.82,2.05,2.35,1.38,2.71,2.17,2.43,2.43,1.92,1.32,1.97,3.05,3.6,2.71,4.27,1.21,1.25
06-05,1.91,1.87,2.14,1.68,1.84,4.56,2,2.04,1.99,1.28,3.13,1.94,2.75,2.5,2.33,2.73,3.71,1.88,2.66,2.17,1.91
06-06,2.04,1.92,2.89,2.59,3.04,2,2.18,2.12,2.41,2.92,2.43,2.18,1.69,3.21,2.85,2.05,2.07,3.05,2.1,1.81,2.5
06-07,1.72,2.14,2.36,2.56,2.46,2.12,2.29,1.89,3.05,1.88,1.57,1.5,2.61,2.15,2.66,3.89,2.94,2.41,2.79,2.31,2.3
06-08,1.16,1.98,2.04,2.36,2,1.98,2.24,2.18,3.62,2.26,2.09,1.72,2.05,1.59,1.96,3.52,2.27,2.03,2,2.63,3.96
06-09,1.48,2.35,2.9,1.98,2.05,2.19,4.04,1.98,2.65,2.49,2.06,1.72,2.43,3.01,2.03,5.27,2.63,2.8,3.49,2.52,2.93
06-10,1.91,2.09,1.27,2.85,2.07,1.73,3.63,2.34,1.64,2.34,2.18,2.76,2.16,1.73,3.24,3.12,2.25,2.86,4,2.46,1.76
06-11,1.71,3.03,2.69,1.54,1.59,2.56,2.84,1.79,2.66,1.97,1.59,5.17,3.03,2.32,2.29,2.54,3.1,2.3,1.9,1.79,2.56
06-12,1.59,3.05,2.17,2.12,2.67,1.92,2.19,2,3.41,2.2,1.64,3.55,2.78,2.17,2.06,1.84,3.28,2.59,2.32,2.28,2.89
06-13,2.15,2.08,1.56,1.88,1.82,1.75,1.84,2.14,1.98,2.06,1.82,2.6,2.47,1.89,2.5,3.72,3.42,2.03,2.25,2.42,2.53
06-14,1.87,2.12,1.72,1.65,2.2,2.15,5.58,2.18,2.08,2.25,1.62,1.59,2.27,2.31,2.92,4.33,2.4,1.79,2.24,2.7,2.54
06-15,2.61,2.97,2.18,2.25,1.92,1.88,3.01,2.48,1.08,2.19,2.73,2.64,2.83,2.12,2.6,2.15,1.72,1.8,1.97,3.16,4.72
06-16,3.32,3.27,2.78,1.75,4.09,2.55,2.45,1.73,1.69,1.88,1.98,2.62,2.66,2.32,1.88,2.19,2.17,2.18,2.54,2.14,2.19
06-17,4.55,3.18,4.47,1.67,4.42,1.97,2.39,2.44,1.74,2.34,1.92,2.92,2.36,2.14,2.44,2.56,1.89,2.6,2.41,2.03,3.07
06-18,2.03,1.55,4.74,2.93,2.63,1.63,2.92,3.58,2.21,3.3,2.74,2.53,3.02,2.6,2.77,1.83,1.65,1.68,2.51,3.1,4.56
06-19,2.84,1.57,3.64,2.19,1.99,1.93,2.34,2.33,2.34,3.13,2.13,2.35,4.07,2.57,2.73,2.46,4.02,3.86,2.55,3,2.51
06-20,1.64,2.22,2.57,1.24,2.09,2.18,4.1,2.07,2.56,2.43,2.59,2.49,3.14,2.37,1.57,3.14,2.59,4.35,2.9,3.5,2.98
06-21,1.5,1.97,2.56,1.51,2.03,3.34,2.47,1.57,2.58,2.21,1.83,2.45,2.06,2.9,1.55,3.35,3.01,3.55,2.84,3.99,2.59
06-22,1.71,1.69,3.12,2.46,2.15,3.16,2.27,2.02,1.95,4.16,2.23,1.85,2.07,1.86,2.16,2.81,3.6,2.09,2.02,2.72,2.42
06-23,2.45,1.67,3.23,2.7,1.85,2.66,1.9,1.44,2.03,3.08,4.36,3.06,2.21,2.06,2.15,3.39,1.59,1.38,1.85,1.95,2.32
06-24,1.65,2.02,2.09,4.22,2.53,2.33,2.41,1.91,2.29,3.04,3.78,3.19,2.16,2.1,2.26,2.88,2.37,2.89,1.56,2.18,2.64
06-25,1.57,2.03,1.65,4.21,2.38,2.08,1.49,2.04,2.16,2.55,3,2.84,1.8,2,2.66,2.01,3.32,2.83,3.22,2.05,2.42
06-26,1.77,2.1,2.72,3.44,2.12,1.91,2.2,1.68,2.28,2.65,2.31,2.34,2.36,3.34,2.59,2.18,2.96,2.79,4.02,1.99,2.8
06-27,1.89,1.92,3.08,2.73,2.71,2.23,1.82,2.14,2.07,2.13,1.34,1.98,1.59,4.07,1.84,2.33,2.06,3.47,2.54,2.14,3.63
06-28,1.81,1.75,2.47,2.54,2.66,2.1,1.01,1.54,2.09,2.71,3.6,1.81,1.42,3.64,2.25,2.05,2.03,1.93,2.37,1.32,2.15
06-29,1.57,2.14,2.06,2.66,1.91,1.97,1.73,2.33,1.74,3.05,4.78,2.3,1.88,2.14,3.83,1.8,2.04,2.65,2.11,2.62,2.16
06-30,1.46,1.97,2.1,2.12,2.04,2.04,2.09,1.85,2.06,2.13,3.11,2.12,2.31,3.3,4.69,1.99,2.09,3.35,3.14,2.95,2.06
07-01,1.61,2.41,2.11,1.88,1.66,2.02,1.61,2.08,1.96,2.45,2.05,1.8,2.79,3.81,3.4,2,2.84,2.48,3.28,2.52,4.42
07-02,1.76,2.37,2.45,2.23,1.85,2.18,1.88,2.33,1.2,2.09,3.06,2.04,2.47,3.53,1.6,2.31,2.3,2.35,2.4,2.21,3.74
07-03,2.16,1.91,2.27,1.81,2.79,2.31,2.89,1.81,2.92,2.74,5.41,2.08,2.01,2.71,1.41,1.86,3.21,2.56,2.16,2.48,2.68
07-04,1.77,2.08,2.79,2.55,2.42,1.97,2.01,3.22,1.79,2.69,3.8,2.44,2.4,1.8,1.71,2.52,3.43,2.95,2.54,2.17,2.56
07-05,2.13,3.45,1.79,3.14,2.31,2,2.16,2.73,2.17,3.15,1.68,2.37,3.14,1.98,2.19,2.56,2.57,2.06,2.82,1.6,2.33
07-06,1.6,2.56,2.18,1.98,1.95,1.91,2.6,1.6,1.91,2.53,2.18,2.34,2.68,1.92,1.91,2.53,3.09,2.53,3.68,2.57,4.11
07-07,1.98,1.87,2.73,2.05,2.27,1.56,2.14,2.42,1.75,2.17,2.78,1.85,1.98,2.33,2.39,1.97,3.02,1.38,3.36,4.87,2.08
07-08,2.1,2.87,2.64,2.2,2.69,1.86,2.26,2.95,3.34,2.24,2.01,2.19,2.5,2.45,3.35,2.24,2.7,1.99,2.95,1.54,2.63
07-09,2.26,1.73,2.19,2.57,2.25,2.53,2.3,2.23,2.41,2.37,2.81,2.52,2.13,2.5,2.56,3.51,2.35,2.12,2.48,1.94,3.06
07-10,1.91,2.44,2.59,3.32,2.61,2.48,2.09,2.94,2.13,2.11,2.84,2.3,3.52,2.22,1.63,2.21,2.64,2.88,2.24,2.44,2.97
07-11,2.37,2.93,2.14,2.32,2.41,1.98,1.81,1.75,1.76,1.89,2.4,2.25,2.3,2.67,2.4,2.4,2.71,1.87,2.53,1.95,2.2
07-12,2.88,2.07,2.06,2.27,1.9,2.72,2.51,2.13,2.43,2.65,2.12,2.12,2.2,3.13,2.25,1.99,2.44,3.42,3.05,2.1,2.71
07-13,2.72,2.06,2.3,2.5,2.43,3.07,2.31,2.79,2.09,2.13,1.98,2.25,3.15,2.71,2.61,1.97,2.56,3.76,2.59,2.63,2.1
07-14,2.45,2.63,1.93,2.47,3.57,2.79,3.19,2.56,2.73,2.96,2.6,2.22,3.8,2.73,3.65,3.14,1.79,3.16,2.32,1.98,3.22
07-15,1.64,1.86,1.75,2.69,2.37,2.58,2.26,1.63,2.78,2.26,2.3,2.01,3.79,2.7,1.94,3.24,2.36,2.08,2.42,2.49,2.29
07-16,2.97,1.45,1.59,2.66,1.63,2.14,2.19,3.04,3.33,2.23,2.39,1.77,2.28,3.61,3.14,3.31,2.56,3.11,2.35,2.28,2.62
07-17,2.66,2.32,1.84,2.82,1.75,2.53,2.32,4.06,3.01,2.44,2.28,2.39,2.66,2.18,2.38,2.49,2.62,2.89,2.22,2.32,2.75
07-18,2.33,1.95,2.05,2.39,3.76,3.37,2.36,1.74,2.51,1.98,1.54,2.41,2.62,2.57,1.86,2.76,2.5,2.89,2.33,1.64,2.4
07-19,2.55,2.12,2.2,2.45,2.22,2.28,2.46,3.16,2.37,1.81,2.54,3.02,2.32,2.68,2.84,2,2.12,2.43,2.74,2.41,2.38
07-20,2.27,2.08,2.5,2.3,2.3,2.2,2.1,2.6,2.63,2.25,3.31,2.28,2,2.54,2.01,2.76,2.45,2.27,3.02,2.1,2.3
07-21,1.71,1.71,1.93,1.69,3.5,3.13,2.94,2.36,2.77,2.51,3.1,1.75,1.86,1.7,3.95,2.57,2.66,2.24,2.22,2.73,4.17
07-22,2.21,2.32,2.19,1.74,3.66,1.93,4.17,2.02,3.33,3.24,2.1,2.2,2.53,3.06,1.98,2.17,2.18,2.21,2.62,1.53,4.07
07-23,1.95,2.06,1.98,2.93,2.29,2.2,3.06,3.41,3.76,2,1.87,1.3,3.11,3.34,2.68,1.92,2.84,2.87,2.8,3.67,3.14
07-24,1.96,2.24,2.05,2.63,2.19,1.74,3.35,2.27,2.06,2.23,2.59,1.94,2.49,3.81,2.42,2.35,2.61,2.11,2.61,4.85,2.79
07-25,2.57,1.91,2.05,2.25,2.81,2.47,3.71,2.58,2.67,1.89,3.18,2.01,2.71,3.24,1.85,2.38,1.94,2.79,2.68,4.36,2.22
07-26,2.86,1.92,2.57,2.67,2.56,2.2,3.74,1.91,2.4,3.1,3.32,1.98,2.43,2.97,2.73,2.74,2.76,2.71,2.26,3.28,2.57
07-27,2.38,1.56,2.48,2.22,2.01,2.64,2.68,2.85,2.01,2.14,2.51,2.19,2.1,2.12,2.62,3.33,2.26,2.31,2.6,1.94,2.21
07-28,2.23,1.91,1.92,2.02,2.37,2.41,2.6,3.1,2.54,3.01,2.15,2.09,2.31,2.42,2.31,2.86,2.58,2.8,2.74,3.26,3.05
07-29,2.25,2.18,2.73,2.45,1.93,2.52,2.56,2.39,2.95,2.95,4.27,1.9,2.65,1.88,2.42,2.29,2.42,2.89,2.84,3.78,2.69
07-30,2.41,1.65,2.46,2.26,2.3,2.51,2.47,2.61,2.9,2.81,2.83,2.82,2.43,2.98,2.11,2.43,1.75,3.08,2.37,2.15,2.18
07-31,1.83,1.54,2,2.33,1.99,1.93,2.32,1.89,2.13,2.6,2.34,2.75,2.43,3.6,2.25,1.66,2.83,2.95,2.35,2.38,2.55
08-01,1.78,3.24,2.23,1.97,1.48,1.73,2.7,3.08,2.12,2.12,2.14,2.31,2.04,3.14,2.17,2.6,2.63,2.81,3.15,2.49,2.78
08-02,2.16,3.33,2.2,2.55,2.06,2.8,2.89,2.77,3.12,1.92,3.19,3,2.78,2.36,2.37,2.93,2.09,2.51,2.33,2.28,2.21
08-03,2.16,3.41,2.36,2.18,2.21,3.13,3.23,2.55,2.27,2.5,1.86,3.15,2.21,2.09,2.08,2.22,3,4.96,2.33,2.4,3.62
08-04,1.52,2.49,3.38,2.63,2.73,2.58,3.12,3.35,2.75,2.18,3.04,2.09,2.52,2,1.77,2.71,3.52,3.97,2.08,3.52,2.81
08-05,1.88,2.86,2.39,2.57,2.32,2.21,2.49,2.08,3.82,1.88,3.32,2.44,3.57,2.31,2.25,2.98,2.62,2.39,3.29,3.35,2.5
08-06,2.35,2.7,2.56,1.93,1.83,2.37,2.59,2.7,3.27,2.55,2.49,2.55,3.88,2.45,1.32,2.99,2.24,2.58,2.59,2.19,2.38
08-07,2.55,2.15,2.47,2.35,2.79,2.54,2.55,2.72,2.32,2.66,2.3,2.42,3.24,1.78,1.14,3.27,2.56,3.83,2.38,2.6,2.55
08-08,1.92,1.4,2.08,2.83,2.92,2.12,2.21,2.92,2.07,4.05,2.01,2,2.01,2.96,2.47,2.18,2.42,3.04,2.66,2.31,2.5
08-09,1.75,2.86,3.16,2.93,2.8,2.46,2.14,3.68,2.25,4.14,2.68,1.66,2.41,2.8,2.49,2.46,2.54,3.93,2.67,2.82,2.39
08-10,2.34,3.81,2.67,1.61,2.22,2.17,2.92,3.08,3.2,3.52,2.17,2.33,3.27,3.44,1.49,2.51,1.95,3.79,2.51,2.28,2.37
08-11,1.75,4.01,2.99,2.18,2.79,2.23,2.05,2.37,3.25,2.71,3.48,2.82,2.38,2.79,1.3,2.28,2.49,2.28,2.51,2.98,2.32
08-12,2.08,2.89,2.43,2.42,3.24,3.07,2,2.61,2.09,2.5,1.69,2.81,2.6,3.11,1.42,2.81,3.16,2.21,2.37,2.31,3.2
08-13,2.04,2.01,2.4,2.98,1.68,3.33,2.69,2.07,2.9,2.85,3.16,2.27,2.18,2.02,1.7,2.98,2.37,3.14,2.64,2.13,1.96
08-14,2.07,2.51,1.98,2.27,2.23,2.33,4.19,2.93,2.51,2.55,2.55,1.69,2.45,1.77,2.2,3.1,3.04,2.68,2.71,2.66,2.27
08-15,1.6,2.16,2.04,2.1,4.23,2.92,2.61,2.69,2.5,2.26,2.12,2.54,2.68,1.73,2.45,2.15,3.19,2.31,3.21,3,3.82
08-16,2.24,2.25,2.19,2.81,2.22,2.5,2.39,2.07,2.17,2.59,2.87,2.52,2.34,2.28,1.99,2.1,4.33,2.44,4.04,2.19,2.1
08-17,2.55,3.4,1.69,2.26,3.03,3.08,1.72,2.21,2.47,2.02,2.49,2.31,2.8,1.87,1.68,2.52,2.77,2.47,5.82,2.82,2.84
08-18,2.84,3.49,3.43,2.41,2.68,2.19,1.84,2.51,2.58,2.82,2.91,2.57,1.83,1.95,2.18,2.89,3.07,2.9,3.36,3.09,2.08
08-19,2.7,2.72,2.1,2.06,3.17,2.03,3.18,2.42,2.05,2.15,3.75,2.12,3.1,2.95,2.7,2.95,2.28,1.7,3.5,3.22,2.71
08-20,1.98,1.44,2.12,2.24,2.77,1.53,3.05,1.89,2.27,3.04,2.27,2.1,2.79,2.69,2.98,2.91,3.72,2.73,2.45,2.31,2.25
08-21,2.66,2.73,2.52,2.9,2.23,1.89,1.86,1.94,2.21,3.17,2.39,1.89,3.18,2.68,1.98,2.3,2.86,2.21,2.33,2.69,2.28
08-22,2.39,2.53,1.98,3.4,3.18,1.98,2.34,2.43,2.01,1.87,2.51,1.73,3.01,2.38,1.67,2.72,2.6,2.16,2.86,2.39,2.08
08-23,2.26,2.13,2.74,3.06,2.68,2.16,1.97,2.61,2.49,2.8,2.99,1.88,2.42,2.24,2.16,2.27,2.8,1.61,2.74,1.93,2.14
08-24,1.77,2.56,2.99,2.7,2.09,3.64,2.83,2.68,2.63,2.7,2.77,2.9,2.23,2.32,1.95,1.89,2.68,3.05,2.43,2.09,1.94
08-25,2.56,2.58,2.79,3.66,2.02,3.27,2.24,2.28,3.24,1.82,2.38,1.68,2.1,2.57,1.9,1.74,2.31,3.74,2.25,2.87,1.62
08-26,3.52,1.91,2.42,2.98,1.87,1.83,2.03,2.08,2.85,2.81,2.86,1.97,2.73,2.47,2.73,1.69,2.3,2.68,2.34,2.57,2.07
08-27,2.51,2.35,2.61,2.33,1.9,2.48,2.09,2.66,2.09,2.65,2.4,2.39,2.54,2.35,2.35,1.98,2.27,2.19,1.87,5.82,1.64
08-28,1.52,2.76,1.94,1.67,0.8,1.48,2.58,1.97,2.41,2.36,2.24,1.76,2.31,1.92,1.81,2.63,3.04,2.49,2.33,4.14,2.42
08-29,2.11,2.33,2.27,2.57,1.44,2.43,2.77,1.87,2.14,3.48,2.15,2.35,2.09,2.13,2.53,2.44,5.12,2.76,2.64,2.81,2.2
08-30,1.55,2.31,2.64,3.71,2.31,1.86,2.62,2.3,2.32,3,1.83,1.21,2.64,1.71,1.52,1.75,3.07,2.3,1.39,2.83,2.81
08-31,1.72,1.88,2.51,2.61,1.91,1.91,2.56,2.68,3.44,3.5,2.14,1.54,2.45,2.21,1,2.02,3.5,2.72,2.66,2.45,2.1
09-01,1.7,1.99,2.4,2.71,1.74,1.24,2.72,3.74,2.89,2.71,3.29,2.38,2.07,2.45,2.06,2.73,1.78,1.75,2.12,1.9,2.75
09-02,2.21,2.1,2.09,1.65,2.23,2.14,3.19,2.03,2.54,3.07,3.66,1.44,2.13,3.64,2.77,3.61,2.41,2.24,3.03,3.51,1.78
09-03,1.19,2.24,2.1,1.95,3.06,2.01,3.38,2.86,2.64,2.35,2.61,2.3,1.88,1.94,2.5,1.97,1.93,2.53,2.8,5.04,2.26
09-04,1.8,1.51,1.95,1.94,1.67,2.57,1.82,2.79,2.48,1.24,2.21,3.58,1.92,3.16,2.73,1.9,1.21,2.51,4.35,2.95,2.48
09-05,1.5,2.03,1.55,2.77,3.61,2.68,2.87,2.26,2.48,2.81,2.55,1.83,1.96,2.17,2.95,2.39,1.3,2.49,3.57,2.99,1.11
09-06,1.47,3.43,1.71,2.54,3.6,2.6,3.5,2.04,2.22,2.39,2.1,2.27,4.12,2.29,2.84,2.15,2.02,2.2,3.47,2.56,4.61
09-07,1.81,3.97,1.36,2.68,1.67,2.13,4.19,2.08,1.76,1.41,2.45,1.87,2.86,1.16,2.7,1.21,1.63,2.37,2.53,2.26,2.45
09-08,1.75,2.89,1.84,2.12,2.41,1.75,1.87,1.72,2.12,2.23,2.94,2.16,3.1,1.71,2.03,1.46,1.41,2.81,2.69,2.11,3.58
09-09,1.46,2.23,2.25,2.31,3.42,2.33,2.48,2.17,2.77,2.56,2.15,2.93,2.03,4.43,2.41,1.36,2.09,4.72,2.76,2.22,3.71
09-10,1.56,1.74,0.88,2.14,3.23,2.14,3.17,2.59,2,1.66,3.06,1.67,2.57,5.43,1.91,2.27,2.52,2.41,2.23,2.39,2.37
09-11,1.69,1.98,1.15,2.64,2.33,2.01,1.82,2.78,2.14,1.79,2.09,2.46,2.32,2.67,1.62,3.21,2.32,2.82,2.66,2.4,2.14
09-12,1.67,1.9,1.09,2.65,2.65,1.8,2.72,2.15,3.09,1.33,2.35,3.16,1.93,2.8,2.83,3.49,2.94,2.31,2.22,2.32,2.6
09-13,1.64,2.38,2.32,1.36,2.16,2.48,2.33,1.92,3.41,0.95,1.84,3.04,3.2,1.76,1.76,2.15,2.47,2.24,2.39,1.13,2.88
09-14,2.22,2.2,3.18,1.97,3.39,2.48,3.94,2.23,5.02,1.74,2.64,2.92,2.32,3.13,1.68,2.22,2.29,2.15,4.76,1.8,2.97
09-15,1.57,1.49,3.05,2.23,2.01,4.06,2.41,2.31,3.78,2.89,1.84,3.45,2.48,2.99,0.83,1.87,1.99,3.44,3.38,2.87,2.15
09-16,2.17,2.25,2.5,1.39,2.29,1.7,2.14,2.35,1.53,1.62,3.22,4.02,2.65,3.07,1.16,2.15,1.83,4.29,2.16,3.45,2.31
09-17,3.59,2.95,2.28,2.47,1.52,1.5,3.34,2.14,1.85,2.21,3.58,2.21,2.06,2.66,2.34,2.09,2,3.74,2.92,3.56,2.56
09-18,3.51,2.81,1.83,3.16,1.64,2.86,3.31,2.38,2.15,1.19,2.86,1.37,2.83,3.05,3.08,3.4,2.2,2.76,1.56,2.22,1.78
09-19,2.46,2.23,1.81,1.92,2.56,2.26,2.38,2.93,2.58,1.75,2.7,2.56,2.53,3.24,2.07,2.71,1.85,2.42,3.51,2.82,1.2
09-20,1.42,2.28,1.94,1.65,3.56,2.17,1.96,3.08,1.36,2.41,2.52,2.7,1.79,2.18,1.55,2.07,2.22,1.8,2.69,3.3,1.39
09-21,1.86,1.91,1.7,1.41,2.04,1.69,2.86,1.88,2.3,2.44,1.64,1.66,1.89,1.87,1.92,3.21,2.39,2.05,1.13,2.37,2.96
09-22,2.71,2,1.66,1.49,2.01,1.48,2.05,1.96,3.3,1.6,3.18,2.28,1.77,2,2.24,3.47,1.83,1.89,1.66,2.41,2.23
09-23,2.59,1.81,2.31,1.7,2.76,3.09,2,2.06,2.65,1.89,2.46,2.63,2.19,2.92,1.84,2.13,2.87,3.09,1.48,3.38,1.67
09-24,2.31,2,2.15,2.38,2.41,4.05,6.1,1.77,3.22,1.79,2.65,2.98,1.4,2.58,2.09,1.91,2.58,4.89,3.68,1.79,3.11
09-25,3.56,1.49,3.26,3.25,2.18,3.79,3.6,2.37,2.93,2.93,1.49,2.43,2.17,1.5,2.14,1.88,4.8,3.03,4.15,2.31,2.71
09-26,3.6,1.04,4.28,2.7,0.9,1.65,2.07,2.15,3.91,2.4,1.51,2.02,1.84,2.41,3.33,1.92,4.11,2.06,3.18,2.23,3.27
09-27,3.17,0.71,3.71,2.63,1.68,0.95,1.56,1.97,3.27,2.18,1.17,1.57,1.59,1.97,2.42,1.51,3.34,2.36,2.78,1.73,2.15
09-28,1.14,0.92,1.24,1.58,1.03,2.03,1.45,1.95,4.75,2.32,1.42,1.65,1.61,1.79,2.04,2.14,2.24,1.79,2.28,1.61,2.34
09-29,1.8,1.48,1.79,2.98,1.36,1.65,2.64,1.3,2.73,1.86,1.17,1.67,2.41,1.98,1.82,1.88,2.41,2.39,2.58,2.09,1.78
09-30,1.17,2.4,1.86,1.49,2.2,1.79,2.18,0.92,2.27,2.51,1.51,3.18,1.63,1.69,2.08,1.51,2.96,1.85,2.64,1.79,2.17
10-01,1.48,1.9,2.17,1.31,2.29,2.12,2.15,1.1,2.01,2.11,1.5,3.48,2.82,1.97,2.67,2.29,1.51,1.83,2.21,2.11,2.84
10-02,1.52,1.92,2.46,1.09,1.34,2.62,2.79,1.91,2.35,1.41,2.16,0.78,1.81,1.71,5.44,3.38,4.46,1.74,1.86,1.61,2.54
10-03,1.57,2.1,3.49,2.02,2.93,1.53,4.18,1.5,2.27,3.37,1.42,2.39,1.31,2,4.29,4.02,3.21,3.78,1.88,2.08,3.85
10-04,1.59,1.42,3.42,3.76,2.81,1.66,3.26,1.67,2.59,3.18,2.7,2.36,1.74,2.73,4.39,1.96,2.82,3.4,1.57,2.18,1.86
10-05,1.35,2.04,2.9,3.08,2.75,1.69,1.91,1.4,2.63,1.87,2.35,1.7,1.5,2.1,1.38,1.97,1.5,2.59,1.29,2.07,1.77
10-06,1.26,1.79,3.27,1.98,2.26,1.73,1.95,1.46,1.75,2.29,1.69,2.68,2.28,2.16,2.66,2.11,1.52,2.45,1.37,1.97,1.68
10-07,1.39,1.59,1.42,2.61,1.71,1.53,2.78,1.9,2,1.52,3.96,1.78,1.88,2.24,2.22,5.07,2.26,3.2,1.64,1.86,4.06
10-08,3.32,2.5,1.92,2.27,1.38,1.97,3.47,4.58,1.67,1.63,4.34,1.2,2.52,2.13,1.98,4.17,1.74,2.68,2.26,1.87,3.96
10-09,3.1,1.86,1.92,1.9,2.96,1.57,2.97,6.33,2.03,1.21,4,2.65,1.37,1.95,2.6,1.47,1.81,2.32,2.58,1.58,3.74
10-10,2.04,1.37,1.6,1.66,3.78,1.93,2.49,3.68,1.66,3.44,3.15,3.7,1.36,1.65,4.97,1.59,1.73,2.37,1.52,1.33,2.81
10-11,1.66,2.29,2.39,1.75,2.15,2.56,2.14,2.12,2.02,3.96,1.87,2.08,2.29,1.72,2.77,1.42,2.8,2.09,1.11,1.68,1.9
10-12,1.5,1.76,1.65,2.87,1.52,2.33,3.42,1.46,1.97,2.4,3.52,3.84,2.88,1.59,1.62,2.08,4.3,1.93,1.83,1.55,2.24
10-13,2.11,1.71,2.52,2.88,1.83,3.04,4.42,1.86,2.25,1.17,2.8,3.43,6.23,1.54,1.48,2.61,1.96,3.35,1.4,1.52,1.38
10-14,2.26,1.94,2.13,2.12,0.97,3.29,3.19,2.41,2.02,1.24,4.16,2.38,2.48,1.51,2.39,2.7,4.42,3.9,1.58,1.18,2.63
10-15,2.41,1.68,2.3,1.61,0.91,2.83,2.14,1.76,2.75,2.3,2.47,1.68,1.37,1.28,3.18,2.72,2.2,1.81,1.57,1.08,3.38
10-16,1.74,1.27,1.61,1.58,1.88,2.97,2.12,1.97,1.51,2.22,1.72,1.23,1.03,1.71,1.6,1.64,1.89,2.34,2.25,3.78,4.28
10-17,1.76,1.53,2.07,1.39,1.62,2.47,2.36,0.96,3.58,1.24,2.65,2.55,1.18,1.64,1.91,2.15,1.67,1.92,2.03,4.55,2.72
10-18,3.02,2.31,4.47,1,0.89,2.1,4.95,2.4,3.47,2.42,1.76,3.14,2.11,2.25,2.28,1.43,1.81,1.52,1.54,3.46,2.36
10-19,2.65,2.07,2.73,1.41,1.28,1.53,4.74,3.34,3.05,2.67,1.29,3.33,1.11,3.73,1.03,2.79,1.9,1.45,1.98,4.84,3.57
10-20,1.53,2.4,2.3,3.63,1.31,2.74,1.18,2.29,3.91,2.51,1.73,1.02,2.1,2.63,0.95,3.59,3.22,2.47,1.58,3.96,2.17
10-21,1.54,1.22,2.18,6.22,1.92,4.34,1.48,2,2.01,2.08,2.25,4.15,1.59,1.62,1.58,2.82,3.53,2.81,2.48,2.08,1.14
10-22,1.92,1.63,2.98,3.77,2.71,4.1,1.31,1.39,1.71,3.16,4.19,5.09,2.32,1.91,3.01,5.21,3.15,1.74,2.51,3.39,1.28
10-23,1.37,1.76,3.79,1.79,1.45,5.28,1.98,1.74,1.05,2.41,5.11,3.83,3.39,2.83,4.25,4.57,2.35,1.06,2.12,4.01,2.08
10-24,2.7,1,2.6,1.5,1.48,5.53,0.87,2.92,2.21,1.87,3.59,0.83,3.49,3.77,3.24,2.35,1.76,2.97,2.64,2.67,3.08
10-25,2.13,1,3.28,2.02,1.39,4.75,3.08,2.79,2.3,2.62,1.99,2.15,3.21,1.95,1.09,3.8,1.57,3.6,2.05,2.01,2.86
10-26,2.35,1.35,2.62,2.4,1.7,2.23,5.19,1.04,4.17,1.97,2.05,3.9,1.42,1.23,3.22,1.31,3.8,1.78,1.99,2.52,2.39
10-27,2.61,1.94,1.64,1.67,1.98,1.54,3.99,3.72,3.82,1.75,1.68,2.11,3.32,2,5.79,1.11,2.53,1.29,1.52,2.58,2.12
10-28,3.08,2.42,1.69,1.79,4.93,1.29,1.52,3.04,3.24,1.58,1.62,1.53,4,2.81,6.48,1.21,1.59,0.95,1.37,2.19,1.42
10-29,1.91,2.42,2,4.19,4.07,1.72,2.06,5,1.81,2.14,1.92,1.84,2.88,1.56,6.99,1.07,1.44,2.09,1.06,5.07,2.53
10-30,2.54,2.23,2.67,3.37,2.76,1.77,3.1,2.06,4.93,1.86,1.4,1.73,1.02,1.52,3.76,1.63,1.35,2.57,1.37,4.79,2.03
10-31,1.33,2.56,1.97,1.63,4.57,2.43,6,2.5,5.31,1.45,1.39,1.58,1.52,1.56,3,1.54,1.43,2.79,1.73,1.42,1.91
11-01,0.94,0.96,2.44,3.48,5.45,1.52,2.88,2.21,2.96,1.65,1.6,1.74,1.38,1.1,2.07,2.66,1.23,2.93,2.22,2.74,2.31
11-02,3.36,2.24,2.78,2.28,5.14,3.25,4.52,0.98,1.46,1.42,1.58,2.23,1.85,2.29,1.76,2.89,1.21,2.3,1.7,4.9,1.37
11-03,4.41,1.87,1.04,1.77,3.35,2.87,4.67,4.42,3.49,1.92,3.56,2.6,1.76,3.1,1.46,4.65,1.15,3.99,2.65,4.59,1.57
11-04,2.94,1.85,2.77,1.51,4.17,2.27,2.97,6.31,4.06,2.81,5.31,1.64,2.12,2.62,3.5,2.44,1.66,1.56,4.04,3.8,1.66
11-05,1.11,1.61,2.38,1.71,2.09,1.6,1.95,4.01,2.63,6.65,2.34,1.28,4.54,2.59,3.71,3.23,1.18,1.71,5.27,3.1,1.68
11-06,1.46,1.87,1.8,1.55,1.86,3.74,1.9,4.75,2.39,4.56,3.28,1.44,3.79,3.15,2.05,2.53,1.27,1.77,1.58,2.05,0.89
11-07,1.65,1.18,2.35,3.1,1.62,2.97,1.59,3.84,2.42,1.38,5.27,1.45,2.77,2.69,1.97,2.01,2.09,2.55,1.68,2.72,1.16
11-08,2.37,1.69,2.83,1.49,1.19,3.8,5.64,2.46,1.93,2.25,2.14,1.12,4.16,1.97,1.91,4.02,1.6,2.41,2.56,2.07,2.2
11-09,2.49,2.23,1.23,3.06,1.43,4.6,5.4,1.4,2.34,1.57,3.4,1.73,4.04,2.55,2.79,3.53,1.53,2.06,1.19,2.26,1.58
11-10,2.41,1.81,1.56,2.6,1.34,3.65,3.04,1.48,3.15,2.63,2,1.4,1.76,3.15,2.28,3.46,1.17,3.73,1.46,2.25,1.75
11-11,1.53,1.78,1.11,1.45,1.74,2.72,3,1.32,1.17,6.51,1.57,1.3,1.46,6.38,1.22,3.37,0.72,1.88,2.21,2.48,2.5
11-12,1.04,2.27,2.54,1.82,2.57,1.65,1.76,1.44,1.66,6.08,2.99,1.42,1.45,3.76,3.15,6.16,2.23,3.09,1.36,2.4,2.46
11-13,2.56,3.05,2.38,1.12,3.4,1.85,1.18,1.54,4.59,3.32,1.85,1.28,1.83,3.68,2.29,4.38,3.15,2.36,1.98,1.27,2.39
11-14,7.23,4.24,1.14,2.51,2.63,2.38,2.65,2.46,2.03,2.98,3.49,1.74,1.54,5.35,2.33,3.91,3.03,2.26,2.02,1.62,2.75
11-15,3.64,2.31,2.85,1.71,3.79,1.9,2.8,2.47,2.18,1.79,2.31,1.62,2.3,5.3,2.18,2.87,1.79,2.15,2.24,1.83,2.05
11-16,2.61,2.11,3.22,3.79,3.04,2.36,3.2,2.13,0.85,2.52,1.77,1.42,1.68,2.9,1.46,2.32,1.72,2.3,2.65,1.73,1.92
11-17,1.78,3.12,2.97,3.36,4.76,2.19,2.38,1.81,3.94,4.34,2.64,1.28,1.53,2.32,0.97,3.4,3.54,1.72,2.54,2,2.97
11-18,1.3,2.08,1.16,1.75,2.16,1.61,2,1.35,2.9,3.22,1.7,1.07,1.03,2.24,1.99,5.02,2.25,1.17,2.56,1.82,2.1
11-19,2.26,1.76,1.87,2.82,1.94,1.71,2.41,2.69,1.75,5.19,2.14,1.89,1.42,1.97,4.53,2.21,1.29,1.3,3.54,1.06,1.89
11-20,2.2,1.16,1.52,3.44,1.23,1.86,3.87,2.62,2.46,3.13,1.94,2.06,1.31,1.36,3.42,3.19,3.86,1.29,3.69,2.46,2.61
11-21,1.09,3.12,1.77,4.59,1.91,1.23,4.03,4.9,1.58,2.96,2.52,4.26,3.47,1.7,2.83,4,5.78,2.88,3.8,3.16,2.9
11-22,1.91,3.35,3.72,4.27,3.65,1.51,3.85,4.39,1.27,4.05,1.88,1.67,4.06,2,2.51,5.47,3.22,3.15,5.28,5.32,3.65
11-23,1.52,2.41,1.77,1.11,1.22,1.53,2.65,3.62,1.16,3.12,3.13,1.36,6.25,1.56,3.19,5,3.47,1.71,4.24,5.5,1.6
11-24,0.83,2.95,2.03,1.64,3.68,1.46,1.92,1.68,1.56,3.1,2.09,3.24,2.49,1.18,1.69,3.93,1.44,2.88,2.17,5.57,3.22
11-25,0.98,2.8,2.93,2.71,3.5,1.4,2.56,1.21,1.44,3.37,1.74,4.12,1.04,2.19,2.83,4.03,2.76,2.88,1.87,4.93,3.98
11-26,1.63,4.79,1.94,1.34,1.23,1.39,2.35,2.63,2.96,2.13,1.35,6.32,1.97,2.27,5.15,2.18,2.67,4.29,6.46,1.33,2.32
11-27,2,3.06,1.79,2.21,4.23,2.28,4.78,4.19,4.08,1.73,3.26,3.12,2.08,2.33,4.54,2.57,4.9,4.05,4.32,2.83,1.55
11-28,1.98,2.57,1.12,1.77,3.7,2.19,4.25,3.56,5.16,1.25,5.54,1.45,1.44,3.14,2.94,2.62,5.62,4.55,3.75,2.98,0.7
11-29,3.62,3.07,1.42,2.38,5.98,5.18,5.09,1.47,4.11,1.19,7.92,1.81,1.52,5.49,1.19,1.96,4.14,5.75,5.09,2.37,1.39
11-30,2.98,1.92,1.57,2.26,5.98,4.45,5.67,1.3,3.1,1.9,7.26,1.49,1.47,2.7,2.78,1.11,1.13,1.85,3.2,4.73,2
12-01,4.99,2.03,1.54,1.72,2.93,4.96,3.58,1.41,3.5,1.45,5.1,1.51,2,2.08,4.16,3.08,1.71,2.86,1.71,5.1,1.85
12-02,3.05,3.96,2.01,1.21,2.02,2.39,2.62,2.78,3.9,2.41,2.51,1.56,1.94,4.18,1.72,1.56,3.09,4.3,2.31,2.6,1.45
12-03,2.59,3.43,2.39,1.98,3.78,3.81,2.41,1.25,2.23,1.77,2.4,1.6,2.1,3.83,1.71,2.43,2.57,4.98,2.13,2.04,2
12-04,2.31,2.54,1.93,2.92,2.18,4.36,2.21,0.92,3.04,1.08,2.77,1.08,3.23,2.56,1.76,4.02,4.68,2.37,2.97,3.65,3.49
12-05,1.37,3.19,2.09,2.31,3.47,3.05,4.06,2.19,3.44,1.93,2.34,1.05,3.09,1.68,1.27,1.93,4.04,4.24,3.12,2.68,6.65
12-06,1.41,1.84,4.96,2.7,2,1.95,3.27,2.26,3.01,2.65,1.71,1.82,1.29,1.6,2.53,1.64,3.58,5.13,3.42,2.36,3.33
12-07,1.41,1.58,5.05,2.28,1.32,1.65,3.95,1.72,2.88,1.92,4.15,2.14,1.35,1.54,2.59,1.31,3.61,3.41,1.35,1.29,2.85
12-08,1.38,1.77,2.38,3.74,1.38,1.96,3.67,1.45,3.97,1.33,4.8,1.43,1.53,2.19,1.81,3.15,5.17,4.69,4.04,4.89,4.73
12-09,2.55,3.21,2.22,2.93,3.32,2.4,3.33,1.93,3.63,1.12,4.36,1.15,1.49,2.22,1.65,4.19,3.51,4.79,4.8,5.67,3.05
12-10,3.04,2.15,0.85,3.27,2.76,2.56,2.6,2.47,2.55,1.09,5.7,1.08,1.23,2.53,2.72,6.18,4.43,4.38,4.77,2.27,2.07
12-11,1,2.72,1.09,3.58,4.98,1.89,1.68,2.03,1.39,1.12,4.32,1.28,1.39,7.43,1.31,3.21,3.52,5.01,4.18,2.19,1.51
12-12,1.66,1.01,1.69,3.59,3.33,1.8,2.09,2.06,1.54,1.71,1.88,1.64,1.53,3.4,1.87,3.51,5.7,3.34,3.57,2.53,1.54
12-13,1.22,4.35,2.4,2.13,2.81,1.85,1.47,1.53,2.62,1.55,3.69,2.61,0.84,1.53,2.68,4.8,3.71,1.36,4.05,2.39,1.54
12-14,1.54,6.1,2.32,1.88,5.48,3.08,1.75,2.13,1.23,1.18,3.72,1.65,1.77,2.64,3.22,2.5,2.18,0.93,4.17,3.9,1.67
12-15,2.09,1.91,2.16,2.23,3.26,4.48,3.18,2.07,2.06,1.27,1.75,1.41,0.95,3.44,4.49,2.57,1.72,1.25,3.57,4.92,3.08
12-16,1.34,1.58,0.72,3.44,3.36,3.39,4.78,3.83,1.98,1.12,3.38,1.9,1.52,2.52,2.39,4.65,1.43,1.3,1.98,3.79,2.32
12-17,3.88,2.5,3.98,2.03,4.12,4.9,4.65,3.3,2.99,1.95,3.72,1.5,4.49,2.65,3.23,4,1.44,1.28,1.63,2.39,1.26
12-18,4.27,2.98,2.39,1.84,2.64,3.39,3.09,2.81,2.64,1.3,3.72,1.4,3.38,3.2,2.03,2.4,0.96,1.42,0.95,1.99,1.51
12-19,2.21,1.32,1.81,1.08,4.13,3.72,4.09,3.55,1.87,2.18,1.93,1.61,5.18,1.19,2.3,2.94,1.04,1.35,1.29,2.12,2.41
12-20,3.24,1.61,1.94,1.8,5.13,2.61,2.35,2.71,2.04,2.78,2.26,1.37,4.42,1.04,1.44,4.66,1.69,1.97,2.27,4.02,3.56
12-21,2.33,1.51,1.95,4.84,2.8,6.8,4.46,5.43,2.8,2.5,1.49,1.51,2.35,3.35,1.15,4.93,2.62,1.89,1.95,4.76,2.11
12-22,0.86,1.12,1.32,3.88,0.94,7.11,5.3,5.81,3.66,1.43,1.38,1.28,1.51,3.75,2.08,5.45,1.07,2.2,2.24,3.53,2.37
12-23,1.78,1.48,1.51,1.39,1.38,5.27,5.07,2.72,1.71,0.99,1.58,2.78,2.04,2.9,1.19,3.99,2.36,1.09,1.88,1.74,4.62
12-24,1.1,1.68,2.31,1.22,1.34,5.59,4.89,2.48,2.36,2.27,1.33,2.11,2.25,0.94,1.78,2.06,2.96,3.17,1.81,1.36,6.49
12-25,2.94,2.52,4.1,0.94,1.83,2.9,2.73,3.67,4.19,6.24,1.6,0.96,2.29,2.3,2.46,1.62,2.93,3.9,2.62,1.48,3.56
12-26,4.16,3.09,1.07,1.54,2.16,3.85,2.31,1.81,2.39,6.01,3.98,0.96,1,3.01,0.85,1.85,5.01,2.91,2.21,1.44,1.97
12-27,2.41,3.77,1.16,1.21,1.91,4.24,3.06,0.91,2.5,3.86,2.73,1.09,1.51,4.76,1.87,1.74,3.06,2.86,1.45,1.18,1.06
12-28,2.93,2.84,1.27,1.2,3.06,3.55,1.99,1.44,2.65,1.7,4.6,1.97,1.39,3.9,1.27,2.88,5.15,3.2,1.59,1.04,0.96
12-29,7.39,2.67,1.29,3.47,1.7,2.73,1.96,2.53,1.91,1.91,2.52,1.57,1.84,3.95,0.93,1.93,3.58,2.91,1.84,0.96,1.06
12-30,5.64,1.77,1.01,4.38,1.06,3.37,3.01,5.04,1.96,2.53,3.55,1.55,1.86,2.18,0.91,3.16,3.12,1.91,1.11,1.38,1.31
12-31,3.72,2.58,0.9,2.78,1.93,3.63,1.66,3.54,1.35,1.61,5.15,1.32,1.49,1.9,1.91,1.88,1.73,0.89,1.59,1.34,1.59